vhf,dataMd5,checkStatus
Gp9T4m6EJN5F6pDwsAgXBm,Gp9T4m6EJN5F6pDwsAgXBm,success
RcxZXg97Fh9joKKid1nfTS,RcxZXg97Fh9joKKid1nfTS,success
D5ZvGFRt23Lb69J16HS5Jw,D5ZvGFRt23Lb69J16HS5Jw,success
UXCTHCFqc99Sa8PybFqkGU,UXCTHCFqc99Sa8PybFqkGU,success
AksTtcxzDoV1q5bSdJnAEZ,AksTtcxzDoV1q5bSdJnAEZ,success
6qUugGtKrUzqUPwdpPwRMs,6qUugGtKrUzqUPwdpPwRMs,success
N619TJVUhcsoozJzVGSLGz,N619TJVUhcsoozJzVGSLGz,success
9NN7UPuHo3xFd8aVee8d9,9NN7UPuHo3xFd8aVee8d9,success
9TqnRGS4GFTYMci9GucMG8,9TqnRGS4GFTYMci9GucMG8,success
LLnRjcMG1zySWzqDYf2nXZ,LLnRjcMG1zySWzqDYf2nXZ,success
Y5Muey5S9XhEvQhcZrkdHD,Y5Muey5S9XhEvQhcZrkdHD,success
CcBXaGDD2DewEdbCb9ztfM,CcBXaGDD2DewEdbCb9ztfM,success
P7aGQzaTdKrxJsufvovPGK,P7aGQzaTdKrxJsufvovPGK,success
DFvPsvnS8KMQ8ke4BpqDju,DFvPsvnS8KMQ8ke4BpqDju,success
8tSTYurTaoSEVSCjxb9rHQ,8tSTYurTaoSEVSCjxb9rHQ,success
A4ZGjMnXCuwTtbuxjxhKBW,A4ZGjMnXCuwTtbuxjxhKBW,success
5nJMPsD6uhhsdAyThcM8gp,5nJMPsD6uhhsdAyThcM8gp,success
M7iTcufudCeDQmJzC6uTvU,M7iTcufudCeDQmJzC6uTvU,success
Pq4LizZkpCaZuEiYWjZydF,Pq4LizZkpCaZuEiYWjZydF,success
YFdKfdYEdxZyz6qeN2tah8,YFdKfdYEdxZyz6qeN2tah8,success
8eXstPZwbM7LJRRy6qUQr8,8eXstPZwbM7LJRRy6qUQr8,success
LEPMW6GMWPc1Y1GJnbNcCv,LEPMW6GMWPc1Y1GJnbNcCv,success
Rrw1EFbzNaYNHgwkRoUv86,Rrw1EFbzNaYNHgwkRoUv86,success
RhB2yvBXGv39X5FdqRdPfr,RhB2yvBXGv39X5FdqRdPfr,success
RzoVbM24kTzuHXCP9Vv6jJ,RzoVbM24kTzuHXCP9Vv6jJ,success
XLUyDBSvkcRt81pN2RkwYV,XLUyDBSvkcRt81pN2RkwYV,success
A4FXgETqv9WgfirarEmsw5,A4FXgETqv9WgfirarEmsw5,success
XBkZwQLvWg1B2PKS9zHZRw,XBkZwQLvWg1B2PKS9zHZRw,success
PcEExxq2VJcGHHpxXqs2Rd,PcEExxq2VJcGHHpxXqs2Rd,success
UbinkwPffqJ3HUQcs4J735,UbinkwPffqJ3HUQcs4J735,success
CaNeG3v8nrBLRsXY18nDWz,CaNeG3v8nrBLRsXY18nDWz,success
68UjKpenb8E2iUQX2db799,68UjKpenb8E2iUQX2db799,success
DKAHjjtw1QRp8QZ4ffRSSR,DKAHjjtw1QRp8QZ4ffRSSR,success
9UuuEyqY1DcQ2mkCm5nfjP,9UuuEyqY1DcQ2mkCm5nfjP,success
KNaXKXmGuoHg9w62wRepxw,KNaXKXmGuoHg9w62wRepxw,success
747253g1zjNtrcWVtj1ToV,747253g1zjNtrcWVtj1ToV,success
XAXgMJQyyYgC9UKbomp1Nr,XAXgMJQyyYgC9UKbomp1Nr,success
BeZAsRCS3aJ5yyKVA366Yh,BeZAsRCS3aJ5yyKVA366Yh,success
L15ZNN3WQbUpNr2JAwbwT,L15ZNN3WQbUpNr2JAwbwT,success
15K6S19jVQvtM5radXfGnm,15K6S19jVQvtM5radXfGnm,success
PcqCt3CHRoPrtJsMGRKnHV,PcqCt3CHRoPrtJsMGRKnHV,success
VCNe4BUWRr7U1uSnJeAmN8,VCNe4BUWRr7U1uSnJeAmN8,success
RarzgrbKCJ8ReBwgXfhhjh,RarzgrbKCJ8ReBwgXfhhjh,success
5m2UzBhKXm9N62jNqAGitL,5m2UzBhKXm9N62jNqAGitL,success
NfK4nqeHMdQbYrMhesm5Av,NfK4nqeHMdQbYrMhesm5Av,success
XVZmxNkFi1Uwr6qP8eAMf7,XVZmxNkFi1Uwr6qP8eAMf7,success
43Pe2jsRy8RNris66BRuPy,43Pe2jsRy8RNris66BRuPy,success
7dwzrB65YUftRzEC3bL6nn,7dwzrB65YUftRzEC3bL6nn,success
P17Jmh55yQGefthQsMSCrT,P17Jmh55yQGefthQsMSCrT,success
J8NFpJHTULn7A86uv9x1rX,J8NFpJHTULn7A86uv9x1rX,success
R6cHofWAoHz8EjtacRMmRR,R6cHofWAoHz8EjtacRMmRR,success
DJZWwQLdTXPte2hdYYfK6M,DJZWwQLdTXPte2hdYYfK6M,success
CwKbfa4rQE4xsGMxBCUE7e,CwKbfa4rQE4xsGMxBCUE7e,success
A55N3wX7FW2rr6q52drZib,A55N3wX7FW2rr6q52drZib,success
G33LXwipAo4sHKhQoK3WBo,G33LXwipAo4sHKhQoK3WBo,success
hNSs6wa9oLp1ScfsSQB4i,hNSs6wa9oLp1ScfsSQB4i,success
UCXAxXrr5mEB5PGG7hbxU5,UCXAxXrr5mEB5PGG7hbxU5,success
vuQPZw88skJ5YGku9yN5M,vuQPZw88skJ5YGku9yN5M,success
HaPKZzJMq3WfBMKPCRdppr,HaPKZzJMq3WfBMKPCRdppr,success
PRfyGFPferNY7R8Ag6EkeT,PRfyGFPferNY7R8Ag6EkeT,success
qrdVaFFp7CeXiLEJH5JRz,qrdVaFFp7CeXiLEJH5JRz,success
Jur71z6kbu1iuLVa5hbNX1,Jur71z6kbu1iuLVa5hbNX1,success
RDHyXQuMgo45ay6y9E13pa,RDHyXQuMgo45ay6y9E13pa,success
ALNaxNEAtNr2zgcmbPrcyM,ALNaxNEAtNr2zgcmbPrcyM,success
MPAhqyiJuCf6LX7osHMkm,MPAhqyiJuCf6LX7osHMkm,success
GWB2Q5jfVsEtz15BvLyq35,GWB2Q5jfVsEtz15BvLyq35,success
Mjfm5dmEnNPcErwMhEC35H,Mjfm5dmEnNPcErwMhEC35H,success
SutpavvrGw8jDQp4MqA4GR,SutpavvrGw8jDQp4MqA4GR,success
14x3B4u7fNsuLz2dW85Zqx,14x3B4u7fNsuLz2dW85Zqx,success
S3vR2K5bZY3JZn8oDVeA1J,S3vR2K5bZY3JZn8oDVeA1J,success
EKCDpYEu8YHFnUmQCW9iAq,EKCDpYEu8YHFnUmQCW9iAq,success
JFqHTDBKbgHbHStpFdQVzS,JFqHTDBKbgHbHStpFdQVzS,success
WWvMKmRSD7EX4fiDLK9mDs,WWvMKmRSD7EX4fiDLK9mDs,success
4WAiAJZbFKMqEXZqVjg3R7,4WAiAJZbFKMqEXZqVjg3R7,success
7rpcRaZh1u2kQChitLAxsx,7rpcRaZh1u2kQChitLAxsx,success
4RWAkRR7yj8jBA87FCeot8,4RWAkRR7yj8jBA87FCeot8,success
YAnXGSDE2PHNMzcc3QSmFT,YAnXGSDE2PHNMzcc3QSmFT,success
VpCzvMAq5TqTauutTGqxFL,VpCzvMAq5TqTauutTGqxFL,success
Q2SiKjyiCRvoZb2k4C3yxa,Q2SiKjyiCRvoZb2k4C3yxa,success
UMEnUQjzbZenRoTMwiMjev,UMEnUQjzbZenRoTMwiMjev,success
HEVXiuzaqBhTEod7YKuBVb,HEVXiuzaqBhTEod7YKuBVb,success
M7W1zwy3dysn51PKpwhEyV,M7W1zwy3dysn51PKpwhEyV,success
Tt5GSKbQdwdKYjUJy8Z7G3,Tt5GSKbQdwdKYjUJy8Z7G3,success
2wm9gS4NYzcnGKvyhkTnE6,2wm9gS4NYzcnGKvyhkTnE6,success
MX3j72wdAiosifTznWnswJ,MX3j72wdAiosifTznWnswJ,success
4e16iqjvm9erJ4FCXxidn3,4e16iqjvm9erJ4FCXxidn3,success
X1zCr1zeEP1uest7kE9pKR,X1zCr1zeEP1uest7kE9pKR,success
X6fjjqzrXVMVxrJktjDPYF,X6fjjqzrXVMVxrJktjDPYF,success
MPE2VMLko1XSEyDpzePEuJ,MPE2VMLko1XSEyDpzePEuJ,success
VYwAp8jRkUvFmPbXzxF11y,VYwAp8jRkUvFmPbXzxF11y,success
ABSSc2ewLwdtAgmaicqX6r,ABSSc2ewLwdtAgmaicqX6r,success
XwyDF2FJ4AwovuSEJgqSi5,XwyDF2FJ4AwovuSEJgqSi5,success
CGFBfWth7erkesZ8ZASTrp,CGFBfWth7erkesZ8ZASTrp,success
CS3zn6PZGfVnETML8u5NdT,CS3zn6PZGfVnETML8u5NdT,success
VFo9VaK9WJKedrEwbco4Aa,VFo9VaK9WJKedrEwbco4Aa,success
MJZiSE4C8ifzMJXxZEvuhC,MJZiSE4C8ifzMJXxZEvuhC,success
WyXEw7UGi11PAkJzVWTgcY,WyXEw7UGi11PAkJzVWTgcY,success
WWnqsAHHG3yPQkuTh9HRbj,WWnqsAHHG3yPQkuTh9HRbj,success
VmwSxCfRpgPhN5uwU9Jba2,VmwSxCfRpgPhN5uwU9Jba2,success
EntjUDyfaqNmQiHZGFC4Gn,EntjUDyfaqNmQiHZGFC4Gn,success
SPjtdDcnGavc9bsvBZTHo2,SPjtdDcnGavc9bsvBZTHo2,success
5fpSJvZMYqdVD89WvR1RTV,5fpSJvZMYqdVD89WvR1RTV,success
AkFNVWkEbJR66mxNLBRgNY,AkFNVWkEbJR66mxNLBRgNY,success
JN6vc6wEDAAYY2hQwgvWmg,JN6vc6wEDAAYY2hQwgvWmg,success
X4sTX8njBmB2ww5aFF8cWL,X4sTX8njBmB2ww5aFF8cWL,success
QY6q9S46NnWewrZWsLppXp,QY6q9S46NnWewrZWsLppXp,success
EdyJc93zGrxLDtYJt4thQ9,EdyJc93zGrxLDtYJt4thQ9,success
2hf1W4CA46rqeyPXS115dE,2hf1W4CA46rqeyPXS115dE,success
WDGANqhXX8N1zQxr2QKZLv,WDGANqhXX8N1zQxr2QKZLv,success
3gYEAByVDb2kqpZFeUSzeL,3gYEAByVDb2kqpZFeUSzeL,success
141dSjdJsuB2KHYoUW6MRH,141dSjdJsuB2KHYoUW6MRH,success
AEHmPvaQwM3c24zJhPxQbe,AEHmPvaQwM3c24zJhPxQbe,success
4q5z2DTGjQgd1uwuxe73Yg,4q5z2DTGjQgd1uwuxe73Yg,success
FpBi1tNhjvNH6yVd83V8w4,FpBi1tNhjvNH6yVd83V8w4,success
2CxXVQKWTTbLZCwuiGEiET,2CxXVQKWTTbLZCwuiGEiET,success
NubWRS26DwFCvWwSteYRfv,NubWRS26DwFCvWwSteYRfv,success
WVtXdZMYrc91SM9pfHJWZq,WVtXdZMYrc91SM9pfHJWZq,success
4jQKfBYDku9QhbTBRaqjy8,4jQKfBYDku9QhbTBRaqjy8,success
CuKkwnoK5TL2VQUr2oPPc3,CuKkwnoK5TL2VQUr2oPPc3,success
pJRUGmY6pJLDunJuup1JR,pJRUGmY6pJLDunJuup1JR,success
2u89gzEXakW3i7XRZZ25mV,2u89gzEXakW3i7XRZZ25mV,success
5N5FVWQiA7PkCTWKwE6AeE,5N5FVWQiA7PkCTWKwE6AeE,success
Rv5iyb9anKTJtknVtdBcPY,Rv5iyb9anKTJtknVtdBcPY,success
2hq7qV87eSDtZq3AoGb5FT,2hq7qV87eSDtZq3AoGb5FT,success
Fx7Fzk9cNDcPpJTP4NL1si,Fx7Fzk9cNDcPpJTP4NL1si,success
J3UR7BAcJ4A6q1Fg5Q83nq,J3UR7BAcJ4A6q1Fg5Q83nq,success
CiAbKzkRyUw3bToLgMdvqz,CiAbKzkRyUw3bToLgMdvqz,success
YcCwREF4PmEmqizr6UkT4t,YcCwREF4PmEmqizr6UkT4t,success
B8Ddw51AZkpje4EL6emBui,B8Ddw51AZkpje4EL6emBui,success
VjiqHK5Mt95SSp2gASKEub,VjiqHK5Mt95SSp2gASKEub,success
HQWN6TNx4R1FS85iqMhpuB,HQWN6TNx4R1FS85iqMhpuB,success
JGHNpngmLWLRNuhUrCGMPJ,JGHNpngmLWLRNuhUrCGMPJ,success
ArzhTMq3kLLeLx8G9DNL75,ArzhTMq3kLLeLx8G9DNL75,success
FR58nrp9iY4rHLKG8QSDiC,FR58nrp9iY4rHLKG8QSDiC,success
GWYjMauzXJWdYnDgAwGfTt,GWYjMauzXJWdYnDgAwGfTt,success
Nvx5g1Rx5oxaGbr4NHGfW1,Nvx5g1Rx5oxaGbr4NHGfW1,success
LUUWThpCK4FrQ8ZbNWHeH8,LUUWThpCK4FrQ8ZbNWHeH8,success
MErti5HsqRDQHieytiC8hZ,MErti5HsqRDQHieytiC8hZ,success
7t3kBxFf3LkGZJjVttnnLZ,7t3kBxFf3LkGZJjVttnnLZ,success
RyruH6LHeqSWJfDMTVt6Kp,RyruH6LHeqSWJfDMTVt6Kp,success
42GAQGg1Fa944pn1ARMqGH,42GAQGg1Fa944pn1ARMqGH,success
LstmyN17TYiNJsVs2Qc3yN,LstmyN17TYiNJsVs2Qc3yN,success
VeAFcjNsMoT17j27ffLXur,VeAFcjNsMoT17j27ffLXur,success
BbLa67RpQpDqnXFUae642q,BbLa67RpQpDqnXFUae642q,success
6R5aY1KHN2yndnJHQy83Rd,6R5aY1KHN2yndnJHQy83Rd,success
2eWqYQY3aZDmUrjnjqMaU8,2eWqYQY3aZDmUrjnjqMaU8,success
BgVz4Z3ZAbwYPbANx4p23k,BgVz4Z3ZAbwYPbANx4p23k,success
LrjPoviCBJikJJSvB1UKtc,LrjPoviCBJikJJSvB1UKtc,success
YQngpfffyab6TLyxSDFYSv,YQngpfffyab6TLyxSDFYSv,success
W9HGLU9PM1g4kfdaePqfgY,W9HGLU9PM1g4kfdaePqfgY,success
2HZyrkEfTjMorUKEYm9S89,2HZyrkEfTjMorUKEYm9S89,success
WVmAjH3y1uREKsziDqt2jV,WVmAjH3y1uREKsziDqt2jV,success
MiM2tipGTbxXK9KkNH6vuW,MiM2tipGTbxXK9KkNH6vuW,success
6or7J5N38NE8ZNZfo7EBNp,6or7J5N38NE8ZNZfo7EBNp,success
QdiV1X28NB4Z8RQVQjUHEX,QdiV1X28NB4Z8RQVQjUHEX,success
DiK5ERZGVmcgmytvf2HM6u,DiK5ERZGVmcgmytvf2HM6u,success
CLLowWsKWrEF8MP6mtcZog,CLLowWsKWrEF8MP6mtcZog,success
TgmWtn25Bz8FfrVLf2WMpL,TgmWtn25Bz8FfrVLf2WMpL,success
C2fYTMFgExX3AnZGphNkpe,C2fYTMFgExX3AnZGphNkpe,success
ReZ1JdmDMgs7TvQ1Wsax27,ReZ1JdmDMgs7TvQ1Wsax27,success
DaNwkwTiqVmu3o97W8mank,DaNwkwTiqVmu3o97W8mank,success
3wcRTRZQB1oriwH4aBf7ht,3wcRTRZQB1oriwH4aBf7ht,success
2NVwdfwhxQioXcTm4ZqWpE,2NVwdfwhxQioXcTm4ZqWpE,success
MVzez4erTtk2K5w4LwWf6h,MVzez4erTtk2K5w4LwWf6h,success
4jBZG3Czmf1N4fYiFW3Pf5,4jBZG3Czmf1N4fYiFW3Pf5,success
P8CSMPrvt1ef2rfjJwDZRU,P8CSMPrvt1ef2rfjJwDZRU,success
JYqnfFJARdPr3sTHh7T723,JYqnfFJARdPr3sTHh7T723,success
W2g7eJ1Y8j6DD6fT96z24B,W2g7eJ1Y8j6DD6fT96z24B,success
NixfY7xHbny4TwVv4tRt7G,NixfY7xHbny4TwVv4tRt7G,success
DPBJWY7bb4HyErxLYD3fb3,DPBJWY7bb4HyErxLYD3fb3,success
QaUMVhFTHXiv14zp8z25us,QaUMVhFTHXiv14zp8z25us,success
AW8JV11ywWXeKP2suCmkyX,AW8JV11ywWXeKP2suCmkyX,success
4RhsRRXn8shfrNjReLUJU8,4RhsRRXn8shfrNjReLUJU8,success
BHHLEyWciQgdrcFNT7jFb5,BHHLEyWciQgdrcFNT7jFb5,success
UDZ9Y36A2Z5fYrW7FS5a88,UDZ9Y36A2Z5fYrW7FS5a88,success
Angf93CFCsC1yCXLpKDjwG,Angf93CFCsC1yCXLpKDjwG,success
4AMtWcMjj5uSc9mbn8buy1,4AMtWcMjj5uSc9mbn8buy1,success
3Rv9Mkedq7juRCvkZ9fLmE,3Rv9Mkedq7juRCvkZ9fLmE,success
R3JFtB8j9YHbQWpiTxTujH,R3JFtB8j9YHbQWpiTxTujH,success
XVdwgy6Rr5Mytqqt6swgGi,XVdwgy6Rr5Mytqqt6swgGi,success
A97wDHVk51kNFJMNSdDgs1,A97wDHVk51kNFJMNSdDgs1,success
9pPvCWbVj8GpELWDdEjcah,9pPvCWbVj8GpELWDdEjcah,success
MNs47FRAjHD8CBWZJ7T7Rc,MNs47FRAjHD8CBWZJ7T7Rc,success
6sXgzq34kDvkHuTUY85H3y,6sXgzq34kDvkHuTUY85H3y,success
NDCoYSvXHsxDd7W6LJ6HGU,NDCoYSvXHsxDd7W6LJ6HGU,success
BcXFjkaDHz3bnXDpSWNfsp,BcXFjkaDHz3bnXDpSWNfsp,success
MvtTcxcg7DYPKZHp69Ar8g,MvtTcxcg7DYPKZHp69Ar8g,success
7KauQ8879kAv2oywkbfJWS,7KauQ8879kAv2oywkbfJWS,success
uFvqt8AUepkFcHHFSTGUs,uFvqt8AUepkFcHHFSTGUs,success
APPjYPzfcwPVHQcTwGwQeN,APPjYPzfcwPVHQcTwGwQeN,success
PuazTY9uVmbR3eiv8gwdDD,PuazTY9uVmbR3eiv8gwdDD,success
6GtD3hov9QW7QjTPAonNNn,6GtD3hov9QW7QjTPAonNNn,success
NjxtMXZ1rywxv3SzozVCNq,NjxtMXZ1rywxv3SzozVCNq,success
Mk8Xv11xoRw6us9qvhHKV1,Mk8Xv11xoRw6us9qvhHKV1,success
2qngveyk5o2nHzYtyQEvq1,2qngveyk5o2nHzYtyQEvq1,success
YSqRV6zS2DPamcW19SfyFJ,YSqRV6zS2DPamcW19SfyFJ,success
KZK8NGjZKy6cdcHb254U8B,KZK8NGjZKy6cdcHb254U8B,success
9UHyNPGnWYNzjffL2313Cq,9UHyNPGnWYNzjffL2313Cq,success
DXAJax2ZrKJwGEp2c4qh3N,DXAJax2ZrKJwGEp2c4qh3N,success
XrXkcHNVg94YaAN8EZvsDK,XrXkcHNVg94YaAN8EZvsDK,success
sAhkW2gBYNUtRP2wsNFYU,sAhkW2gBYNUtRP2wsNFYU,success
62PjqXbSHjsHkqrS92cBqW,62PjqXbSHjsHkqrS92cBqW,success
VJbEmaZY62ELNKxbtPZNGa,VJbEmaZY62ELNKxbtPZNGa,success
MdwudBhrJjz82iMauvv4Y7,MdwudBhrJjz82iMauvv4Y7,success
K989uorTkkNzKDPadXV2ts,K989uorTkkNzKDPadXV2ts,success
P6ywSYpACmjQARP28vcREs,P6ywSYpACmjQARP28vcREs,success
CXZayQtpWzUg5RHh3UXhfx,CXZayQtpWzUg5RHh3UXhfx,success
UmjG8AePNRkpxSg3KvotPy,UmjG8AePNRkpxSg3KvotPy,success
2eEydtRrR6xTmtfkR6xHiu,2eEydtRrR6xTmtfkR6xHiu,success
8jcHdBzE7WY8Yr1k68Vwd4,8jcHdBzE7WY8Yr1k68Vwd4,success
2oBiv2f7Yy6GHAccmvmKrF,2oBiv2f7Yy6GHAccmvmKrF,success
3Zv7Y4bvmsoWFPKKe1RC8c,3Zv7Y4bvmsoWFPKKe1RC8c,success
VpaJwKkmXtNkrcPQXKXdLU,VpaJwKkmXtNkrcPQXKXdLU,success
KwGGEC9M9xouv5Y62T7njV,KwGGEC9M9xouv5Y62T7njV,success
M4G1dcaxJXjYRhP9myzzmx,M4G1dcaxJXjYRhP9myzzmx,success
BKVaPzKnTs5bhR95T3pm6a,BKVaPzKnTs5bhR95T3pm6a,success
L1ecXKAMYbUxrrvKJwkeBK,L1ecXKAMYbUxrrvKJwkeBK,success
5AzXifPK6vVadLoSknXjSR,5AzXifPK6vVadLoSknXjSR,success
8HZ57SURjpPTTTgGcSCtHX,8HZ57SURjpPTTTgGcSCtHX,success
Etr66qxJXMmeenBJSAmnHr,Etr66qxJXMmeenBJSAmnHr,success
PkAWpCAEGwvEBC8Vam7pe4,PkAWpCAEGwvEBC8Vam7pe4,success
yZCLcyoaM48YN5dGaS3QL,yZCLcyoaM48YN5dGaS3QL,success
uC5NMdD2aUZCatt49JKrg,uC5NMdD2aUZCatt49JKrg,success
9mWLgTKNMzayRzEFe7nzRv,9mWLgTKNMzayRzEFe7nzRv,success
JtPJvTBEKmpUYXEL6XfD2y,JtPJvTBEKmpUYXEL6XfD2y,success
3P6Ut7NdgJcp5zj9wHxMPw,3P6Ut7NdgJcp5zj9wHxMPw,success
KqYBwDSMV9vshDQCbmuwR4,KqYBwDSMV9vshDQCbmuwR4,success
W9NUJLcrY8YKQi7A9qQVtV,W9NUJLcrY8YKQi7A9qQVtV,success
KBNTkfW7gVuZWVBTQtPxL2,KBNTkfW7gVuZWVBTQtPxL2,success
T7hEBrLZGyURQwNT2ACBno,T7hEBrLZGyURQwNT2ACBno,success
VTnGWUmpbxHi5U9zx57hdT,VTnGWUmpbxHi5U9zx57hdT,success
KLVwxEjfTKd4PWVkUZ1sha,KLVwxEjfTKd4PWVkUZ1sha,success
Tfkx22chE2jH4FHQwyK1Um,Tfkx22chE2jH4FHQwyK1Um,success
9HmuK8kXHEjBjsASHcknvj,9HmuK8kXHEjBjsASHcknvj,success
Bum7QoWj7zqLZR3enAFVrv,Bum7QoWj7zqLZR3enAFVrv,success
XyaqmgQQx8nXVQGRFjtAoA,XyaqmgQQx8nXVQGRFjtAoA,success
HREXvUJavhyAyTDTs4WuuU,HREXvUJavhyAyTDTs4WuuU,success
4o2kXEy2buGJ3fDb23aZ55,4o2kXEy2buGJ3fDb23aZ55,success
E1FKZCybjzDF7ZU4FZCQuv,E1FKZCybjzDF7ZU4FZCQuv,success
P3Jyo6DFyeJaopXkRxU1W1,P3Jyo6DFyeJaopXkRxU1W1,success
SvHeFyYJrJeGWCNndqCY8h,SvHeFyYJrJeGWCNndqCY8h,success
FToiHjsCUEjPCqxsKEAtLn,FToiHjsCUEjPCqxsKEAtLn,success
JAroUyk6KtXt7VhEBd5pF9,JAroUyk6KtXt7VhEBd5pF9,success
6MRFzVDpkuVEvyfbXqN98E,6MRFzVDpkuVEvyfbXqN98E,success
KnYHsWYhCc3ZskW8u5Faj7,KnYHsWYhCc3ZskW8u5Faj7,success
SWuQTrmX9cz2yuNYsGKJtr,SWuQTrmX9cz2yuNYsGKJtr,success
461vLy7d5ZMaojjzU11NnX,461vLy7d5ZMaojjzU11NnX,success
SjSHNmSYsj4jbaCuGYCQf6,SjSHNmSYsj4jbaCuGYCQf6,success
6tnjYs6JzxCsq4ZiENGw4p,6tnjYs6JzxCsq4ZiENGw4p,success
Y1bU3N126JnzXZxwsvvyqQ,Y1bU3N126JnzXZxwsvvyqQ,success
EDEU9FPvFiMZFptb2fNAPi,EDEU9FPvFiMZFptb2fNAPi,success
U945USkQ9dJ6hXbyDd3bJR,U945USkQ9dJ6hXbyDd3bJR,success
6jzcis4CeRSgWuNpQ7nzwZ,6jzcis4CeRSgWuNpQ7nzwZ,success
3xgyU43stvTX2P7b2YqKLQ,3xgyU43stvTX2P7b2YqKLQ,success
SpwybCNGDJHDWdfDwbM5EP,SpwybCNGDJHDWdfDwbM5EP,success
BLZ39ggMPQgYgRcYfcUNUb,BLZ39ggMPQgYgRcYfcUNUb,success
16PX4th3z97unCu7xWzWmN,16PX4th3z97unCu7xWzWmN,success
JxUGZb9eDW1iHF3WiJRjAm,JxUGZb9eDW1iHF3WiJRjAm,success
T7bV2LAFcX8xvtQfDEw3qN,T7bV2LAFcX8xvtQfDEw3qN,success
6pmr5FC6qW5PU468a4D1r5,6pmr5FC6qW5PU468a4D1r5,success
Xg7Tg2Pu5tr6Y83f6h2hQ9,Xg7Tg2Pu5tr6Y83f6h2hQ9,success
MyQRyzRLgZSAcxSDgp2er8,MyQRyzRLgZSAcxSDgp2er8,success
CeC3G8db1zgBmyQKi4fo5w,CeC3G8db1zgBmyQKi4fo5w,success
6BMLF9p11Zgwioz66ZtqWn,6BMLF9p11Zgwioz66ZtqWn,success
9qRmNf2bsrDNzzCKcqgwps,9qRmNf2bsrDNzzCKcqgwps,success
W54giSNmUXLQ31bpADuqVN,W54giSNmUXLQ31bpADuqVN,success
H2APt6ow7v2327nnAp5i9d,H2APt6ow7v2327nnAp5i9d,success
WQnRb83HCt47o7z95jQKJZ,WQnRb83HCt47o7z95jQKJZ,success
QtSoukAodBdwYyjg77zqG3,QtSoukAodBdwYyjg77zqG3,success
4zhe8SBaJJxbNd7uy2NKvj,4zhe8SBaJJxbNd7uy2NKvj,success
DGQYcpD5ahGXSTAfAfeB9v,DGQYcpD5ahGXSTAfAfeB9v,success
8FyrDdM5fWcpbS5yWdNHW8,8FyrDdM5fWcpbS5yWdNHW8,success
4n3LjrH6KQixUuiiMoESTC,4n3LjrH6KQixUuiiMoESTC,success
SRgaeFRiCio3Y33M4LF5FF,SRgaeFRiCio3Y33M4LF5FF,success
13gU6GcDpNJrDDV8AbLAiR,13gU6GcDpNJrDDV8AbLAiR,success
7tstLUPkvRx6cP1Kg94W7M,7tstLUPkvRx6cP1Kg94W7M,success
BeXUHMWG4DNFU38omv7ej6,BeXUHMWG4DNFU38omv7ej6,success
iDnNiYsgqKjADiRxJ2MpZ,iDnNiYsgqKjADiRxJ2MpZ,success
iUBfS6T2c5ZYxMox2pbMh,iUBfS6T2c5ZYxMox2pbMh,success
39EesX225arqXyC7nJ8UbT,39EesX225arqXyC7nJ8UbT,success
NfP71Ds8fUR9FNdsNSVRE,NfP71Ds8fUR9FNdsNSVRE,success
XJZo5xcrFxcLKPA7wteXN7,XJZo5xcrFxcLKPA7wteXN7,success
QzpFJYf1S5EYKAzg9DdTpG,QzpFJYf1S5EYKAzg9DdTpG,success
MTvwSDkoV4TP6nJrnvxQhj,MTvwSDkoV4TP6nJrnvxQhj,success
XA4u4VFDnZ9BN7Vn6QArvg,XA4u4VFDnZ9BN7Vn6QArvg,success
iGTnQZDH8mbt5Bgfia76Q,iGTnQZDH8mbt5Bgfia76Q,success
Y1YWbT1V9cUVhYVTmcLkzw,Y1YWbT1V9cUVhYVTmcLkzw,success
5oF37mpEY7c2PBMvjr1Ca1,5oF37mpEY7c2PBMvjr1Ca1,success
31ytsWfqpzzbLYnWg8QrNo,31ytsWfqpzzbLYnWg8QrNo,success
La6AGyxzxFuFRQmKvd1uqK,La6AGyxzxFuFRQmKvd1uqK,success
JcAPx3jJ8mXkNkhgXAgBSP,JcAPx3jJ8mXkNkhgXAgBSP,success
EhNDdL7gm7zZzBRYZMs55w,EhNDdL7gm7zZzBRYZMs55w,success
78EJ6sLHzWx6zqboWpXYgP,78EJ6sLHzWx6zqboWpXYgP,success
BQyX8hpxbirJVyBMjzx5ov,BQyX8hpxbirJVyBMjzx5ov,success
CEqhopSon2WDBi99b3hhwg,CEqhopSon2WDBi99b3hhwg,success
P6Tk5cKA9LHv7qcMiq7RUY,P6Tk5cKA9LHv7qcMiq7RUY,success
R4aorqeZcC3VWBXGgqrRMf,R4aorqeZcC3VWBXGgqrRMf,success
QqyZXWHYUvszGkcGUsVGwC,QqyZXWHYUvszGkcGUsVGwC,success
LY5pmmjt11HE2yetYbSQPz,LY5pmmjt11HE2yetYbSQPz,success
MDNW6vJXCcGL7Pqz7mc9TP,MDNW6vJXCcGL7Pqz7mc9TP,success
PucipuxfABrsvJ8YyFJovj,PucipuxfABrsvJ8YyFJovj,success
WpNVPwZThTmXy238cyuvDB,WpNVPwZThTmXy238cyuvDB,success
DDJDbaM2bmJbkqiyvh83Nu,DDJDbaM2bmJbkqiyvh83Nu,success
7tqWWcTRRB6kEqSUuYQwbP,7tqWWcTRRB6kEqSUuYQwbP,success
8nfmB4CjtPfGQbe4Nbbwiq,8nfmB4CjtPfGQbe4Nbbwiq,success
kZCGnAPjzTUsgD5iJrs3X,kZCGnAPjzTUsgD5iJrs3X,success
HbueAMBz1Kmb92ntPtCvc7,HbueAMBz1Kmb92ntPtCvc7,success
PSTzVejNBgUwSZ4EaGzyrg,PSTzVejNBgUwSZ4EaGzyrg,success
LLdGdFAtgzKENKxv739NJ,LLdGdFAtgzKENKxv739NJ,success
J7Z85tCfuHCaDWEknmoiVW,J7Z85tCfuHCaDWEknmoiVW,success
CVmieAwjQLiJN486AEv6Lk,CVmieAwjQLiJN486AEv6Lk,success
SxEF3ihNVNfvDdQQPSkh5F,SxEF3ihNVNfvDdQQPSkh5F,success
MdxmaogsvcUPujbDruueHX,MdxmaogsvcUPujbDruueHX,success
M5Tb2mKM936npsmAgZjchE,M5Tb2mKM936npsmAgZjchE,success
4qSGoiL9K3VydMKcciQMWM,4qSGoiL9K3VydMKcciQMWM,success
RYhznk9d3CyqQNynRx6Ux1,RYhznk9d3CyqQNynRx6Ux1,success
N5YNEt2MKrSFXNfweqJ6NX,N5YNEt2MKrSFXNfweqJ6NX,success
HdCJYryVZqHZs4nF5B1M59,HdCJYryVZqHZs4nF5B1M59,success
8X86FaKmziX9mpCFrgvGRh,8X86FaKmziX9mpCFrgvGRh,success
2tuk4zJmJuvsxVgS7SR7So,2tuk4zJmJuvsxVgS7SR7So,success
3ZEGDVwSt2MmFK1HsoU2PB,3ZEGDVwSt2MmFK1HsoU2PB,success
M6vsVeKEDvFe8UJTihJjgA,M6vsVeKEDvFe8UJTihJjgA,success
DTjbcgzS3rToYFomDVQxgj,DTjbcgzS3rToYFomDVQxgj,success
Cgeoex1vmpCnAFBY3ksuSo,Cgeoex1vmpCnAFBY3ksuSo,success
8nD9ijQK44B2aQirBHinks,8nD9ijQK44B2aQirBHinks,success
XLQ9N3Y868ME5yDtabSSub,XLQ9N3Y868ME5yDtabSSub,success
DYeiZq6DRaSBji7J4dKPHF,DYeiZq6DRaSBji7J4dKPHF,success
RQwbh8AM5GoHFj6DooquPP,RQwbh8AM5GoHFj6DooquPP,success
VHX47kcQejTW4GBB3DRbTW,VHX47kcQejTW4GBB3DRbTW,success
G89KbcZdiW2TsVxQ6Pbe7,G89KbcZdiW2TsVxQ6Pbe7,success
LwKn6iVMi1m2PZxvihZuqf,LwKn6iVMi1m2PZxvihZuqf,success
BA1XyuL9vM3fYWUYbXAMbW,BA1XyuL9vM3fYWUYbXAMbW,success
ADxxWzwj49p1zshBFaHXeJ,ADxxWzwj49p1zshBFaHXeJ,success
oaxsfk1jsUmREYRcZziLk,oaxsfk1jsUmREYRcZziLk,success
HLheAhU1BTK4LMUqkbLQXX,HLheAhU1BTK4LMUqkbLQXX,success
J9boHDPEyMnc8f2tK72Yrx,J9boHDPEyMnc8f2tK72Yrx,success
Wnz18y561CKqgHJh5HCwnv,Wnz18y561CKqgHJh5HCwnv,success
FjCek2e3maidGTPwK3xgqU,FjCek2e3maidGTPwK3xgqU,success
88mJPX5CzgPQUmDK4Tg3pE,88mJPX5CzgPQUmDK4Tg3pE,success
DXT53ZAJ1H4TfSshigmR11,DXT53ZAJ1H4TfSshigmR11,success
JXELjLi6jh6SPJiKMbX9ue,JXELjLi6jh6SPJiKMbX9ue,success
CTopV4LvaMrhCn12fqFL3S,CTopV4LvaMrhCn12fqFL3S,success
2gLGDgGaVBKgVAG6rxjbQH,2gLGDgGaVBKgVAG6rxjbQH,success
FmeHJtceBoZcqRE7HpRB7b,FmeHJtceBoZcqRE7HpRB7b,success
Mw2zf778YEhrMBs8iKWSrF,Mw2zf778YEhrMBs8iKWSrF,success
XBt2Uhbq84ZpmMe54qRZhJ,XBt2Uhbq84ZpmMe54qRZhJ,success
GY4SxvEh4BXd5eyZpzXq7W,GY4SxvEh4BXd5eyZpzXq7W,success
GEsS36wfTe8eVuB4xXTVAg,GEsS36wfTe8eVuB4xXTVAg,success
Eqf3eZNb6KpkkVxwDZEJ7J,Eqf3eZNb6KpkkVxwDZEJ7J,success
UzekLvnci3b2To9JPgk6aH,UzekLvnci3b2To9JPgk6aH,success
V6GBJCfPu7AcYCWQTit1VV,V6GBJCfPu7AcYCWQTit1VV,success
DT6Jn3HxmJESqpxswpnQk2,DT6Jn3HxmJESqpxswpnQk2,success
UkumzYEApmZG83DSDudgMM,UkumzYEApmZG83DSDudgMM,success
FRai6BjmqKpEzNZBrvyy95,FRai6BjmqKpEzNZBrvyy95,success
LZyxAgborpRugaizg1GBr1,LZyxAgborpRugaizg1GBr1,success
X5UwQnxTwXbhXFZGmrSeer,X5UwQnxTwXbhXFZGmrSeer,success
Y7NMKq3a9GPeYwuwQpYRqa,Y7NMKq3a9GPeYwuwQpYRqa,success
CexQjWtUopdB8wZdt28m96,CexQjWtUopdB8wZdt28m96,success
FeUe8jMahzjKtzBgqz2ru3,FeUe8jMahzjKtzBgqz2ru3,success
6s8wd7kPiWqKX1q31sG4Xp,6s8wd7kPiWqKX1q31sG4Xp,success
NvEJAtCtb9SEmY2K7GSrXb,NvEJAtCtb9SEmY2K7GSrXb,success
HbM248LMzsGm2HWf9xFQo,HbM248LMzsGm2HWf9xFQo,success
MqHKARnyhkWgtyqtuVtKYK,MqHKARnyhkWgtyqtuVtKYK,success
BMUijaJx7uj2adA2VGnAQR,BMUijaJx7uj2adA2VGnAQR,success
5Ku5Q1nshApGh13bwYQpZj,5Ku5Q1nshApGh13bwYQpZj,success
8p1PJawhrRdPRwpeDdTY51,8p1PJawhrRdPRwpeDdTY51,success
FokDUKJnKiob4eiswkFHgb,FokDUKJnKiob4eiswkFHgb,success
4yJ96mZ838nxHG8t5qKqox,4yJ96mZ838nxHG8t5qKqox,success
8a1XcR3ugGMfcyEcXrTGTV,8a1XcR3ugGMfcyEcXrTGTV,success
GswRxS3g5EKTP2tPKtSTKn,GswRxS3g5EKTP2tPKtSTKn,success
83Rto5pPG9igSN3ViJ9dad,83Rto5pPG9igSN3ViJ9dad,success
AJt3xvTbCpAMBFeDcw9AVG,AJt3xvTbCpAMBFeDcw9AVG,success
R52rSY3WAMNj86xSLV5VHj,R52rSY3WAMNj86xSLV5VHj,success
KoQkNU5yTWYBeeySUkjZSz,KoQkNU5yTWYBeeySUkjZSz,success
JEPx1PqZ6fXaZAVqbnwrsH,JEPx1PqZ6fXaZAVqbnwrsH,success
JKGSbvhpX6tdQQcwfgjo2,JKGSbvhpX6tdQQcwfgjo2,success
VV7erZHD8Qp1FP6bSJV6BB,VV7erZHD8Qp1FP6bSJV6BB,success
GbzjQNYB94txekkMdaTL7u,GbzjQNYB94txekkMdaTL7u,success
BJZvRBzGhWQnLmxqoaA4Ue,BJZvRBzGhWQnLmxqoaA4Ue,success
UbWD4fpyi3kPR6xTKBPAcg,UbWD4fpyi3kPR6xTKBPAcg,success
53WNmwxKH5GGHzGddoMzb5,53WNmwxKH5GGHzGddoMzb5,success
TivAbhKJfeL9uwumQ532yH,TivAbhKJfeL9uwumQ532yH,success
TbTvNMxntBfa9xb5rwYirw,TbTvNMxntBfa9xb5rwYirw,success
QRHVmCb5xP5nPpWGptg4uT,QRHVmCb5xP5nPpWGptg4uT,success
Do8s2onhdtZZfcr2o9Jjb1,Do8s2onhdtZZfcr2o9Jjb1,success
F7oBxhqPF4QKuBDTJoYKzH,F7oBxhqPF4QKuBDTJoYKzH,success
SKFxjJnA7ZyBE8FCmHB46D,SKFxjJnA7ZyBE8FCmHB46D,success
APXM53zfRherTwz3YJWH7P,APXM53zfRherTwz3YJWH7P,success
GEBoyTSKaHtL8D31BXsqAB,GEBoyTSKaHtL8D31BXsqAB,success
TAR2NP2Qcs7VnRPLFkSNSz,TAR2NP2Qcs7VnRPLFkSNSz,success
2UZGL1zb4KAKpXneKwA96J,2UZGL1zb4KAKpXneKwA96J,success
QYcqNphe4v5pPk3ooKiPiF,QYcqNphe4v5pPk3ooKiPiF,success
ToTSPqKcF8XpUMUAkBbzHK,ToTSPqKcF8XpUMUAkBbzHK,success
HAsCBfu5nhP4ZMa86p2XHC,HAsCBfu5nhP4ZMa86p2XHC,success
7vSB5KakeWkHvGYZ6GQLWZ,7vSB5KakeWkHvGYZ6GQLWZ,success
G8bVqxBi2wYWBkZ5xAjooe,G8bVqxBi2wYWBkZ5xAjooe,success
DB728LESiKbgjrnq77oPWe,DB728LESiKbgjrnq77oPWe,success
QFBxWtmFvPHDdWAeL3JJNf,QFBxWtmFvPHDdWAeL3JJNf,success
XDwGpoMRyueFhugwyKiJu3,XDwGpoMRyueFhugwyKiJu3,success
5vq64P38fY8G5jsaeJtu1G,5vq64P38fY8G5jsaeJtu1G,success
WLHcZFpihg7aR77fx8kLrG,WLHcZFpihg7aR77fx8kLrG,success
K5NaymTWF75Mms8VcQjQLx,K5NaymTWF75Mms8VcQjQLx,success
S4r5k9RfHZXeJLA8k41yzC,S4r5k9RfHZXeJLA8k41yzC,success
5UcV3CarXnzLLCo7GzxYgD,5UcV3CarXnzLLCo7GzxYgD,success
CpTqXStoKieS61mBtcEi23,CpTqXStoKieS61mBtcEi23,success
G3BktKQfq3mYfwkVee3AEk,G3BktKQfq3mYfwkVee3AEk,success
W4jCA9rrq8Fk2X1PLojLwy,W4jCA9rrq8Fk2X1PLojLwy,success
CLnqhEqMFxfDvspg9g2PV,CLnqhEqMFxfDvspg9g2PV,success
DUke2h6RDvMigg1iAjqs5d,DUke2h6RDvMigg1iAjqs5d,success
59c7myJCSwxcuuRV7xQ3F2,59c7myJCSwxcuuRV7xQ3F2,success
ACGcr3t3tYioH2zAZp6T1m,ACGcr3t3tYioH2zAZp6T1m,success
Bae8oZcML1wKEJ3sihSNX8,Bae8oZcML1wKEJ3sihSNX8,success
MNF3e8Dwf5JZkRDpUFd8eS,MNF3e8Dwf5JZkRDpUFd8eS,success
2UvzP7M9ivrqNcw8h2G83U,2UvzP7M9ivrqNcw8h2G83U,success
UVzY3K3JExCSzcGG2sxR8i,UVzY3K3JExCSzcGG2sxR8i,success
5qL8g45HkyLBaNMnqe6r3p,5qL8g45HkyLBaNMnqe6r3p,success
TVP3nLSEDnBJEzG9Sny7Li,TVP3nLSEDnBJEzG9Sny7Li,success
AQgURSwgn2reRo757qpSVK,AQgURSwgn2reRo757qpSVK,success
M6mwCTMKqrh3Jroni8Gsdt,M6mwCTMKqrh3Jroni8Gsdt,success
B8yx3MMua7N9qef2DYeryD,B8yx3MMua7N9qef2DYeryD,success
nYsei63G366z3voHAgCFc,nYsei63G366z3voHAgCFc,success
GCmG1EgANec9ppUSfATrbH,GCmG1EgANec9ppUSfATrbH,success
LYRvuxVQ6Sq8PVk4px7QbJ,LYRvuxVQ6Sq8PVk4px7QbJ,success
EXX88gVqejSoFPL4L6ZNDF,EXX88gVqejSoFPL4L6ZNDF,success
22y7vnGeYDG4cTASei6eyi,22y7vnGeYDG4cTASei6eyi,success
PPCh4YvQQYqYBXfkQdsixE,PPCh4YvQQYqYBXfkQdsixE,success
KAt2PNnZUBh4cSLfSjwivg,KAt2PNnZUBh4cSLfSjwivg,success
PzxpHa4HkqVgaQ7tkGpsSV,PzxpHa4HkqVgaQ7tkGpsSV,success
QJ1BfsGzNJzi43JqJaW53R,QJ1BfsGzNJzi43JqJaW53R,success
S9kTRmd8StVfr2Ey5MDT1y,S9kTRmd8StVfr2Ey5MDT1y,success
8HCNpajURkYqdtmkEfZbm8,8HCNpajURkYqdtmkEfZbm8,success
9P5to1y5URdY3FYWhqPbmr,9P5to1y5URdY3FYWhqPbmr,success
PyfGuCFjWLvKAmoTCpvR2J,PyfGuCFjWLvKAmoTCpvR2J,success
BFTJNivE1kPPwD5TMisZ35,BFTJNivE1kPPwD5TMisZ35,success
A1LqwcpuEHChfRAe3eUEcw,A1LqwcpuEHChfRAe3eUEcw,success
FBj4D1FBT81z75YF4cy3aB,FBj4D1FBT81z75YF4cy3aB,success
U3rrNEgrqUABXKefSvLyJG,U3rrNEgrqUABXKefSvLyJG,success
H4XiitPJd3eib44noCzjyH,H4XiitPJd3eib44noCzjyH,success
Ab2qaB1NUgTEoCK6hMx1jv,Ab2qaB1NUgTEoCK6hMx1jv,success
CK5qYs2cHmuX47r2KpyNi9,CK5qYs2cHmuX47r2KpyNi9,success
1MvKv4RAtuZetAMM9prsS,1MvKv4RAtuZetAMM9prsS,success
T4sbTj3edPEZ9ih4iCZ7Lj,T4sbTj3edPEZ9ih4iCZ7Lj,success
K6exT5yLbFJbE3jAYZMKhu,K6exT5yLbFJbE3jAYZMKhu,success
ASDm8YNazXU6HX6VCc8FE1,ASDm8YNazXU6HX6VCc8FE1,success
Go2q9WCYie8m65sAqpo4NQ,Go2q9WCYie8m65sAqpo4NQ,success
r9HsCQBioWyfcSTk8eqqH,r9HsCQBioWyfcSTk8eqqH,success
JiqvPtE5NjQ911shqLc8AV,JiqvPtE5NjQ911shqLc8AV,success
3ohC1e2Gtd7fk6KgKgYuAj,3ohC1e2Gtd7fk6KgKgYuAj,success
WmmmoQAmTkhsCCECY8QN6W,WmmmoQAmTkhsCCECY8QN6W,success
ZU3wkj3vy8GG28mas3ppK,ZU3wkj3vy8GG28mas3ppK,success
RZodJGMU7JWi9GHCpWrFDf,RZodJGMU7JWi9GHCpWrFDf,success
HMWPGX8peDYjrE5fYsCPxi,HMWPGX8peDYjrE5fYsCPxi,success
9xqkWdNLjYtGZSSYFRU8tq,9xqkWdNLjYtGZSSYFRU8tq,success
L7j3heY95fGrZh9rYosTMA,L7j3heY95fGrZh9rYosTMA,success
B8CTB53zHZAjoa7vrqJvM6,B8CTB53zHZAjoa7vrqJvM6,success
3YZRLEKeX3MyWLcyDfti39,3YZRLEKeX3MyWLcyDfti39,success
R6D5SbuCRyn7NGg6YoAGTw,R6D5SbuCRyn7NGg6YoAGTw,success
DjMjAY1zoR9BX97XqzXd5H,DjMjAY1zoR9BX97XqzXd5H,success
MmgCPmHJT76eDJdrsBVMaM,MmgCPmHJT76eDJdrsBVMaM,success
4tePXH4HbUVsNJfQrHiBSG,4tePXH4HbUVsNJfQrHiBSG,success
76RNRjFtoXnraHN7UBQ385,76RNRjFtoXnraHN7UBQ385,success
AQDHrxTPSufGCnaNwt3JRv,AQDHrxTPSufGCnaNwt3JRv,success
DbCH3RvBnLCtpTMLcEjuXA,DbCH3RvBnLCtpTMLcEjuXA,success
378Bi7U7dv1nT9kWJC1Q9K,378Bi7U7dv1nT9kWJC1Q9K,success
FtQi6LKahkiGNRas1Vocnf,FtQi6LKahkiGNRas1Vocnf,success
BHSexWjPaKLFU9AX2jGdxz,BHSexWjPaKLFU9AX2jGdxz,success
6dVTS8DcoQ4rXP6wjQ8QVL,6dVTS8DcoQ4rXP6wjQ8QVL,success
HW8oSBtiybcY55wp4VwWuP,HW8oSBtiybcY55wp4VwWuP,success
S8FXUtCL8g7BD1vGayq8TZ,S8FXUtCL8g7BD1vGayq8TZ,success
99sgmG5XHAySjX46Z9LHLY,99sgmG5XHAySjX46Z9LHLY,success
42aRY6mxVHcGeu1igMeCSb,42aRY6mxVHcGeu1igMeCSb,success
C5dLBAsqrucgCB6kwYyHvG,C5dLBAsqrucgCB6kwYyHvG,success
RjWhMmD7tSxKfxcSHLiPYF,RjWhMmD7tSxKfxcSHLiPYF,success
VrCoBKah5ad5VHykAKdHrW,VrCoBKah5ad5VHykAKdHrW,success
Vo7bb6vffX1GQ1V7cpZ3AA,Vo7bb6vffX1GQ1V7cpZ3AA,success
K9Z4kMKi4o66C13uMd3Pjj,K9Z4kMKi4o66C13uMd3Pjj,success
JBV2dN6kA2qdQ7iiTNxPqB,JBV2dN6kA2qdQ7iiTNxPqB,success
Vpm4QSratZyR5bq7qefNrv,Vpm4QSratZyR5bq7qefNrv,success
B2kdEAzCatfcLBjeDyZSkY,B2kdEAzCatfcLBjeDyZSkY,success
KE41csDk5WTWChcZcTJbPz,KE41csDk5WTWChcZcTJbPz,success
3h6MMMJm25qeScdLjzD7sT,3h6MMMJm25qeScdLjzD7sT,success
N8LNm5vfDGYe3Rvd18DMhY,N8LNm5vfDGYe3Rvd18DMhY,success
7Hj4s5hiZDAXgaMFopQzrh,7Hj4s5hiZDAXgaMFopQzrh,success
4xQHZPHXgJgmUhBA16d4RF,4xQHZPHXgJgmUhBA16d4RF,success
BaTCEHZWEY51oZrEDSZFLE,BaTCEHZWEY51oZrEDSZFLE,success
JD6wAxMmZbSuFZEsVqTauu,JD6wAxMmZbSuFZEsVqTauu,success
6gvx3mEFXZ7ym1K7Jj6zxv,6gvx3mEFXZ7ym1K7Jj6zxv,success
F4xvBNV63475XpUVBRVCYN,F4xvBNV63475XpUVBRVCYN,success
Mc6gnqs8XRV6A865xDsX6Z,Mc6gnqs8XRV6A865xDsX6Z,success
5h15frMwzWk5ZsszTCxToR,5h15frMwzWk5ZsszTCxToR,success
QrEVpDz8iUWq2PpBySjnxH,QrEVpDz8iUWq2PpBySjnxH,success
Lzzqv7R1x4SLYCZAh6KJUg,Lzzqv7R1x4SLYCZAh6KJUg,success
RBMxSTsSTsfriXgYrtZRWH,RBMxSTsSTsfriXgYrtZRWH,success
XrsxxTh5Z3TMgW5kF3Vu8r,XrsxxTh5Z3TMgW5kF3Vu8r,success
EMKzRvjrLBEMfSPq2hSh34,EMKzRvjrLBEMfSPq2hSh34,success
82ZpWhU9fL8s5v4eyJcR39,82ZpWhU9fL8s5v4eyJcR39,success
UGvqVhQtfJbPzPMBvCQuPb,UGvqVhQtfJbPzPMBvCQuPb,success
HxMx3UkKS2Qj5WTFnEufLb,HxMx3UkKS2Qj5WTFnEufLb,success
NkHxpypnSVd3Qy9SFs7xp3,NkHxpypnSVd3Qy9SFs7xp3,success
YAkH8QaWa8C4h5S32GeqjN,YAkH8QaWa8C4h5S32GeqjN,success
M8mXej15VtSJhLezuts7tH,M8mXej15VtSJhLezuts7tH,success
QrPAT5nNtQY9oN8YkJ2Maf,QrPAT5nNtQY9oN8YkJ2Maf,success
QQCJwepCmt43dHsQ9QknpY,QQCJwepCmt43dHsQ9QknpY,success
MXcA16ztEP6BNzdAeg9uTQ,MXcA16ztEP6BNzdAeg9uTQ,success
BVKNWuQ8JZLGW2tgJ5aWrR,BVKNWuQ8JZLGW2tgJ5aWrR,success
EiYEAgvMMV17vZuZHP55Eb,EiYEAgvMMV17vZuZHP55Eb,success
NppA5zKJpUkQVSeGARkyUG,NppA5zKJpUkQVSeGARkyUG,success
4rrGrWq869279TX51sNMZB,4rrGrWq869279TX51sNMZB,success
sG9juW1N65mD44k3nB33J,sG9juW1N65mD44k3nB33J,success
LbWyPCvAFDF6pzxF5czekg,LbWyPCvAFDF6pzxF5czekg,success
RfJWaPgTE7sWvQdTMLkA8H,RfJWaPgTE7sWvQdTMLkA8H,success
GVNakaTMMpQT9HX3XwZsYe,GVNakaTMMpQT9HX3XwZsYe,success
FCgGiENkwQhtfLnXBWKcmp,FCgGiENkwQhtfLnXBWKcmp,success
8MTFjerijbYG3sqt9mPFrv,8MTFjerijbYG3sqt9mPFrv,success
23o4CcZbf35x3miRvk7Kiq,23o4CcZbf35x3miRvk7Kiq,success
CQp3VBbijkEsBz2kqd6Lno,CQp3VBbijkEsBz2kqd6Lno,success
Nrc3RJknEHDEzrZgFsc3Fp,Nrc3RJknEHDEzrZgFsc3Fp,success
9C5jJr3FrCgvZHbTUP7tmR,9C5jJr3FrCgvZHbTUP7tmR,success
uebFpAnMakMThDaU7eShZ,uebFpAnMakMThDaU7eShZ,success
